Name,Color,Rarity,# Seen,ALSA,# Picked,ATA,# GP,GP WR,# OH,OH WR,# GD,GD WR,# GIH,GIH WR,# GND,GND WR,IWD
Jugan Defends the Temple,G,M,2098,1.31,1750,1.28,10126,60.4%,1853,71.9%,2965,67.4%,4818,69.1%,5332,52.6%,16.6pp
Fable of the Mirror-Breaker,R,R,5284,1.64,3711,1.59,20148,58.7%,3623,72.7%,5225,63.7%,8848,67.4%,11339,52.0%,15.4pp
The Wandering Emperor,W,M,1902,1.10,1629,1.09,8759,58.7%,1505,66.8%,2422,67.5%,3927,67.2%,4845,51.9%,15.3pp
Inventive Iteration,U,R,5537,1.68,3843,1.64,21006,59.0%,3459,64.6%,6405,66.2%,9864,65.7%,11189,53.1%,12.6pp
Farewell,W,R,5913,1.82,2908,1.80,13579,58.6%,2218,62.4%,3892,67.2%,6110,65.5%,7486,53.1%,12.4pp
Invoke the Ancients,G,R,6950,2.13,3629,2.13,19124,58.5%,3101,64.0%,5057,66.2%,8158,65.4%,11001,53.4%,11.9pp
"Tatsunari, Toad Rider",UBG,R,4594,1.43,3560,1.41,20011,58.5%,3423,66.2%,5532,64.2%,8955,64.9%,11137,53.5%,11.5pp
"Junji, the Midnight Sky",B,M,1835,1.15,1629,1.14,9151,58.1%,1502,62.4%,2572,65.9%,4074,64.6%,5107,52.9%,11.7pp
Blossom Prancer,G,U,27651,2.80,12705,3.08,71148,58.7%,11821,62.6%,20103,65.6%,31924,64.5%,39633,54.1%,10.4pp
Kappa Tech-Wrecker,G,U,28336,2.87,12612,3.16,70171,59.0%,12616,66.3%,18971,62.9%,31587,64.3%,39040,54.8%,9.5pp
The Kami War,WUBRG,M,4442,2.75,1714,2.78,5715,54.8%,982,60.2%,1924,65.8%,2906,63.9%,2818,45.5%,18.4pp
"Ao, the Dawn Sky",W,M,1990,1.13,1716,1.12,9247,57.3%,1617,62.4%,2585,64.7%,4202,63.8%,5092,51.9%,11.9pp
Life of Toshiro Umezawa,B,U,38390,2.80,16816,3.12,91760,59.0%,16306,64.6%,25035,63.1%,41341,63.7%,50827,55.3%,8.4pp
Reckoner Bankbuster,,R,3955,1.20,3404,1.19,20284,58.1%,3738,63.7%,5524,63.5%,9262,63.6%,11050,53.6%,10.0pp
"Kura, the Boundless Sky",G,M,2064,1.25,1707,1.25,9095,57.7%,1527,61.6%,2527,64.5%,4054,63.4%,5081,53.2%,10.2pp
The Reality Chip,U,R,5591,1.70,3823,1.68,20299,57.7%,3558,61.4%,5963,64.4%,9521,63.3%,10844,52.8%,10.5pp
"Tameshi, Reality Architect",WU,R,6339,1.96,3768,1.91,18465,57.2%,3164,58.2%,5592,65.9%,8756,63.1%,9772,51.8%,11.3pp
Boseiju Reaches Skyward,G,U,38185,2.89,15711,3.17,86360,58.2%,14894,62.7%,25362,63.3%,40256,63.0%,46473,54.1%,9.0pp
The Restoration of Eiganjo,W,R,4902,1.51,3273,1.46,17343,57.9%,3141,64.9%,4914,61.7%,8055,63.0%,9331,53.5%,9.5pp
Kami of Transience,G,R,5431,1.66,3456,1.63,19464,58.7%,3493,66.9%,5171,60.1%,8664,62.8%,11015,55.3%,7.5pp
Kaito Shizuki,UB,M,2200,1.34,1566,1.30,7082,57.6%,1197,65.6%,2035,61.1%,3232,62.8%,3862,53.2%,9.5pp
Biting-Palm Ninja,B,R,5116,1.57,3495,1.56,19011,58.0%,3309,64.6%,5106,61.5%,8415,62.7%,10676,54.4%,8.3pp
"Kairi, the Swirling Sky",U,M,2146,1.26,1764,1.23,9051,55.9%,1491,59.6%,2762,64.4%,4253,62.7%,4818,49.8%,12.9pp
Teachings of the Kirin,G,R,7567,2.34,3392,2.41,17282,57.9%,3088,65.8%,4728,60.6%,7816,62.7%,9498,54.1%,8.6pp
Behold the Unspeakable,U,U,33695,2.60,16427,2.78,84770,57.6%,14272,59.5%,26904,64.2%,41176,62.5%,44155,53.1%,9.4pp
"Shigeki, Jukai Visionary",G,R,6505,1.94,3835,1.94,19899,57.0%,3636,60.8%,6033,62.7%,9669,62.0%,10733,53.2%,8.8pp
"Kyodai, Soul of Kamigawa",WUBRG,R,4653,1.41,3270,1.39,17491,56.5%,3015,59.4%,4913,63.0%,7928,61.6%,9604,52.3%,9.3pp
Surgehacker Mech,,R,4989,1.50,3177,1.47,16575,56.8%,2684,60.5%,4408,62.0%,7092,61.4%,9513,53.4%,8.0pp
Imperial Oath,W,C,142021,6.53,28770,8.35,101165,57.5%,16199,58.2%,29134,63.0%,45333,61.3%,56305,54.4%,6.8pp
Okiba Reckoner Raid,B,C,111404,4.19,34481,4.93,176785,58.7%,32329,63.7%,47673,59.1%,80002,61.0%,98144,57.0%,4.0pp
Blade of the Oni,B,M,2200,1.28,1766,1.27,9451,57.7%,1765,60.0%,2515,61.6%,4280,60.9%,5220,55.1%,5.9pp
Jukai Naturalist,WG,U,38476,4.04,9263,4.93,42861,57.6%,7603,62.8%,11714,59.7%,19317,60.9%,23756,54.9%,6.0pp
Spring-Leaf Avenger,G,R,5146,1.55,3591,1.52,19323,56.8%,3232,59.0%,5413,61.7%,8645,60.7%,10747,53.7%,7.0pp
Circuit Mender,,U,27916,2.64,11497,3.14,67516,57.7%,12247,60.1%,18606,60.9%,30853,60.6%,37074,55.3%,5.3pp
Generous Visitor,G,U,29069,2.99,11169,3.37,60885,57.6%,10920,64.6%,15840,57.6%,26760,60.4%,34417,55.4%,5.0pp
Soul Transfer,B,R,5433,1.65,3464,1.63,18333,57.1%,3155,56.7%,4943,62.7%,8098,60.4%,10260,54.6%,5.8pp
The Long Reach of Night,B,U,41693,3.07,14228,3.48,72880,57.1%,12276,58.9%,20562,61.2%,32838,60.4%,40352,54.6%,5.8pp
Thundering Raiju,R,R,5271,1.60,3124,1.54,15421,55.7%,2665,60.3%,3809,60.4%,6474,60.3%,8989,52.5%,7.8pp
Michiko's Reign of Truth,W,U,38581,2.84,12926,3.29,68596,56.8%,11858,57.9%,19409,61.8%,31267,60.3%,37566,53.9%,6.4pp
"Atsushi, the Blazing Sky",R,M,2122,1.30,1572,1.26,7476,55.6%,1327,60.1%,1933,60.4%,3260,60.2%,4242,52.0%,8.2pp
Spirited Companion,W,C,102271,3.99,25016,5.12,127285,57.3%,23438,60.1%,36436,60.2%,59874,60.2%,68616,54.9%,5.3pp
Weaver of Harmony,G,R,5672,1.73,3423,1.71,18648,56.8%,3385,59.7%,5130,60.3%,8515,60.1%,10218,54.1%,6.0pp
Twinshot Sniper,R,U,25834,2.61,10935,2.94,56722,56.3%,9843,59.3%,14463,60.5%,24306,60.0%,32639,53.5%,6.5pp
Oni-Cult Anvil,BR,U,43115,4.65,10510,5.52,41257,57.3%,7271,59.6%,9999,60.3%,17270,60.0%,24131,55.4%,4.6pp
Silver-Fur Master,UB,U,37632,4.10,8310,4.99,35314,57.8%,6183,60.2%,10344,59.8%,16527,59.9%,19030,56.0%,4.0pp
Touch the Spirit Realm,W,U,23903,2.39,9078,2.78,48495,56.8%,8406,56.7%,13861,61.7%,22267,59.8%,26346,54.2%,5.6pp
Virus Beetle,B,C,113981,4.54,29055,5.78,149147,57.8%,26970,61.1%,39654,58.9%,66624,59.8%,83788,56.3%,3.5pp
"Tamiyo, Compleated Sage",UG,M,2066,1.26,1641,1.23,7859,53.8%,1338,54.7%,2305,62.4%,3643,59.6%,4236,48.9%,10.7pp
Twisted Embrace,B,C,71749,2.96,25058,3.56,133479,57.3%,22282,57.1%,39097,60.9%,61379,59.5%,72876,55.4%,4.2pp
The Modern Age,U,C,127571,4.84,30245,6.08,135293,57.0%,24915,59.6%,40571,59.5%,65486,59.5%,71057,54.7%,4.8pp
Spinning Wheel Kick,G,U,43257,4.41,10169,5.48,46991,57.1%,7244,54.5%,12558,62.3%,19802,59.5%,27244,55.4%,4.1pp
"Jin-Gitaxias, Progress Tyrant",U,M,2106,1.26,1597,1.23,7506,54.8%,1235,56.8%,2275,60.8%,3510,59.4%,4013,50.7%,8.7pp
Banishing Slash,W,U,28006,2.81,8118,3.34,40835,56.2%,6797,57.1%,11284,60.5%,18081,59.2%,22861,53.8%,5.4pp
Invoke Despair,B,R,9204,2.71,2974,2.91,11608,56.6%,1855,56.9%,3151,60.5%,5006,59.2%,6609,54.7%,4.5pp
"Raiyuu, Storm's Edge",WR,R,7782,2.53,2313,2.53,8727,54.3%,1500,59.1%,2125,59.2%,3625,59.1%,5117,50.9%,8.3pp
Azusa's Many Journeys,G,U,58454,4.22,13670,5.39,66977,57.0%,12041,62.2%,17778,57.1%,29819,59.1%,37501,55.4%,3.7pp
"Kotose, the Silent Spider",UB,R,7284,2.25,3331,2.29,14941,55.8%,2436,55.2%,4499,61.2%,6935,59.1%,8074,53.0%,6.0pp
Gloomshrieker,BG,U,39431,4.04,12461,4.67,56023,56.4%,9548,55.2%,16097,61.4%,25645,59.1%,30834,54.5%,4.6pp
Enthusiastic Mechanaut,UR,U,49717,5.58,8911,7.18,27276,55.1%,4750,61.4%,7640,57.6%,12390,59.0%,15113,52.1%,7.0pp
Mindlink Mech,U,R,6057,1.87,3086,1.84,15136,55.8%,2529,58.7%,4499,59.2%,7028,59.0%,8142,53.1%,6.0pp
Kumano Faces Kakkazan,R,U,59794,4.40,12024,5.67,53676,56.8%,9576,65.1%,12328,54.3%,21904,59.0%,31950,55.3%,3.7pp
Network Disruptor,U,C,120272,5.07,27530,6.41,126960,56.5%,22740,59.6%,38135,58.6%,60875,59.0%,67990,54.7%,4.2pp
Tribute to Horobi,B,R,5823,1.74,3650,1.75,19048,56.4%,3460,63.6%,5006,55.7%,8466,58.9%,10636,54.5%,4.5pp
March of Wretched Sorrow,B,R,6064,1.84,3559,1.84,18628,56.7%,3136,56.5%,4969,60.5%,8105,58.9%,10541,55.1%,3.8pp
Moon-Circuit Hacker,U,C,112078,4.61,24807,5.99,118087,57.0%,21485,58.5%,35265,59.1%,56750,58.9%,62506,55.5%,3.3pp
Colossal Skyturtle,UG,U,39302,4.07,11291,4.86,50164,55.6%,8304,54.0%,15990,61.3%,24294,58.8%,26497,52.8%,6.0pp
Suit Up,U,C,155150,8.13,20380,11.39,30136,57.0%,4876,55.5%,9035,60.6%,13911,58.8%,16324,55.5%,3.4pp
Nezumi Prowler,B,U,32913,3.20,9319,4.00,49835,56.7%,8902,56.6%,13234,60.1%,22136,58.7%,28002,55.2%,3.5pp
Gravelighter,B,U,33809,3.29,9042,4.16,46240,57.1%,7952,57.0%,12398,59.8%,20350,58.7%,26173,55.9%,2.8pp
Patchwork Automaton,,U,31505,3.01,8224,3.68,42048,55.5%,7839,62.8%,10677,55.4%,18516,58.5%,23679,53.2%,5.3pp
Dockside Chef,B,U,39187,3.82,10717,4.78,51132,57.0%,9254,59.7%,13370,57.7%,22624,58.5%,28771,56.0%,2.5pp
"Boseiju, Who Endures",G,R,6697,2.04,3279,2.11,15986,56.1%,2856,55.8%,4510,60.1%,7366,58.4%,8821,54.5%,3.9pp
Invoke the Winds,U,R,8616,2.58,3243,2.66,13359,55.1%,2130,53.3%,4191,61.0%,6321,58.4%,7056,52.3%,6.1pp
Lion Sash,W,R,4855,1.49,3173,1.46,16040,56.0%,2912,56.5%,4351,59.5%,7263,58.3%,8836,54.1%,4.2pp
Fang of Shigeki,G,C,120360,4.93,26951,6.49,140473,56.9%,25301,58.9%,38340,57.9%,63641,58.3%,78017,56.0%,2.3pp
Selfless Samurai,W,U,33171,3.22,7829,4.02,38161,55.5%,6774,58.5%,9831,58.1%,16605,58.3%,21734,53.4%,4.9pp
Satoru Umezawa,UB,R,6938,2.22,2905,2.20,12237,55.7%,2068,57.8%,3628,58.5%,5696,58.3%,6624,53.6%,4.7pp
Invoke Justice,W,R,8759,2.66,2453,2.92,8999,54.5%,1418,56.8%,2426,59.1%,3844,58.2%,5164,51.7%,6.5pp
Assassin's Ink,B,U,21845,2.29,9515,2.58,51208,56.5%,8478,55.9%,13631,59.6%,22109,58.2%,29183,55.2%,3.0pp
Moonsnare Specialist,U,C,107639,4.37,27088,5.57,131663,56.5%,22531,55.0%,40574,59.9%,63105,58.2%,69921,55.2%,3.0pp
Prosperous Thief,U,U,35061,3.51,8788,4.42,42894,55.6%,7544,58.1%,12474,58.1%,20018,58.1%,23059,53.5%,4.6pp
Tamiyo's Safekeeping,G,C,150750,7.53,21007,10.68,46337,56.4%,7295,56.7%,12176,58.9%,19471,58.1%,26931,55.1%,2.9pp
Tales of Master Seshiro,G,C,119433,4.51,27380,5.81,138160,56.2%,22445,55.9%,39347,59.3%,61792,58.1%,76959,54.7%,3.4pp
Roadside Reliquary,,U,54627,5.16,8839,7.37,38004,56.6%,6411,56.4%,10274,59.0%,16685,58.0%,21497,55.6%,2.4pp
Master's Rebuke,G,C,108722,4.39,25115,5.76,128192,56.7%,21327,55.6%,33669,59.6%,54996,58.0%,73607,55.8%,2.3pp
The Fall of Lord Konda,W,U,45427,3.29,11713,4.05,56142,55.8%,9259,55.3%,15685,59.6%,24944,58.0%,31359,54.0%,4.0pp
Jukai Preserver,G,C,116991,4.71,26999,6.18,139260,56.7%,23783,56.4%,38666,59.0%,62449,58.0%,77753,55.7%,2.3pp
Harmonious Emergence,G,C,147664,7.21,22695,10.01,56623,56.3%,9226,55.7%,16240,59.2%,25466,58.0%,31435,55.0%,3.0pp
Kami of Terrible Secrets,B,C,139814,6.03,25179,8.30,86107,57.0%,14186,55.7%,24127,59.3%,38313,58.0%,48333,56.2%,1.7pp
"Hidetsugu, Devouring Chaos",BR,R,5120,1.62,3381,1.59,17353,55.3%,2902,55.5%,4518,59.4%,7420,57.9%,9990,53.5%,4.4pp
Kodama of the West Tree,G,M,2377,1.45,1534,1.42,7640,55.1%,1375,58.0%,2054,57.7%,3429,57.8%,4241,53.0%,4.8pp
Bamboo Grove Archer,G,C,137132,5.99,22890,8.38,91199,56.2%,16160,56.8%,24958,58.3%,41118,57.7%,50618,55.0%,2.7pp
"Goro-Goro, Disciple of Ryusei",R,R,5360,1.68,2898,1.64,14514,54.9%,2517,58.1%,3431,57.3%,5948,57.6%,8594,52.9%,4.7pp
Prodigy's Prototype,WU,U,44888,4.81,6434,6.59,18999,54.0%,3172,58.1%,5751,57.4%,8923,57.6%,10156,50.8%,6.8pp
March of Otherworldly Light,W,R,6592,1.95,3029,2.00,14975,55.5%,2489,54.3%,4065,59.6%,6554,57.6%,8436,53.8%,3.8pp
Mukotai Ambusher,B,C,123078,5.01,21324,7.06,95396,56.6%,16179,56.5%,25778,58.3%,41957,57.6%,53910,55.9%,1.7pp
"Eiganjo, Seat of the Empire",W,R,6505,1.95,2864,2.06,13769,55.8%,2526,55.5%,3727,59.0%,6253,57.6%,7570,54.4%,3.2pp
"Tezzeret, Betrayer of Flesh",U,M,2159,1.28,1505,1.22,6679,53.9%,1155,55.8%,1904,58.7%,3059,57.6%,3624,50.9%,6.7pp
Cloudsteel Kirin,W,R,5055,1.54,2980,1.54,15142,54.5%,2654,54.4%,4175,59.6%,6829,57.6%,8354,52.0%,5.6pp
Clawing Torment,B,C,142891,6.58,19509,9.51,51061,57.0%,8765,55.7%,13678,58.7%,22443,57.5%,28810,56.6%,0.9pp
Fade into Antiquity,G,C,132744,5.90,28008,7.73,124643,56.2%,20948,54.7%,32956,59.2%,53904,57.4%,71030,55.2%,2.2pp
Searchlight Companion,,C,136840,5.46,25155,7.66,108596,56.8%,19238,56.2%,30050,58.2%,49288,57.4%,60238,56.3%,1.1pp
Dokuchi Shadow-Walker,B,C,137640,6.10,20481,8.72,69160,56.3%,11105,55.7%,18993,58.2%,30098,57.3%,39364,55.6%,1.6pp
Season of Renewal,G,C,145472,6.84,28682,8.97,112166,56.6%,17725,52.9%,30177,59.8%,47902,57.2%,64630,56.1%,1.1pp
Kami's Flare,R,C,88088,3.59,22039,4.49,112034,55.7%,19709,56.2%,27320,57.7%,47029,57.1%,65602,54.7%,2.3pp
Lethal Exploit,B,C,112421,4.55,24051,6.09,113593,56.5%,19662,55.6%,29882,58.0%,49544,57.0%,64452,56.1%,1.0pp
Leech Gauntlet,B,U,33622,3.25,9370,4.06,47739,56.1%,8672,57.6%,12368,56.6%,21040,57.0%,26906,55.4%,1.7pp
Geothermal Kami,G,C,137100,6.08,29094,7.88,120081,55.9%,19908,53.5%,33102,59.1%,53010,57.0%,67726,55.1%,1.9pp
Go-Shintai of Shared Purpose,W,U,30411,3.05,7339,3.79,32581,54.5%,5541,54.0%,9861,58.7%,15402,57.0%,17283,52.4%,4.6pp
Inkrise Infiltrator,B,C,132612,5.69,20166,8.14,80657,56.3%,14300,56.0%,21318,57.7%,35618,57.0%,45777,55.9%,1.1pp
Era of Enlightenment,W,C,128706,4.75,22241,6.49,99017,55.8%,18009,57.4%,26980,56.6%,44989,56.9%,54513,54.9%,2.0pp
Thornwood Falls,UG,B,54794,6.96,11178,9.28,37258,55.7%,6840,57.9%,10365,56.2%,17205,56.9%,20111,54.7%,2.2pp
Lizard Blades,R,R,5407,1.66,2933,1.67,14791,54.4%,2685,56.6%,3698,57.0%,6383,56.9%,8443,52.6%,4.2pp
High-Speed Hoverbike,,U,37737,3.44,8333,4.57,40189,55.6%,7109,54.7%,10624,58.3%,17733,56.8%,22634,54.6%,2.2pp
Experimental Synthesizer,R,C,139109,6.26,24936,8.26,93948,56.0%,16517,55.5%,22850,57.8%,39367,56.8%,54956,55.4%,1.4pp
Commune with Spirits,G,C,151366,7.68,27652,10.06,84899,56.7%,15325,55.8%,22079,57.5%,37404,56.8%,47728,56.6%,0.2pp
Dismal Backwater,UB,B,52615,6.34,10043,8.64,38366,56.0%,7014,57.7%,10609,56.1%,17623,56.7%,20799,55.3%,1.4pp
Seismic Wave,R,U,38805,3.88,8733,4.84,39167,55.3%,6534,54.8%,9512,58.1%,16046,56.7%,23168,54.4%,2.3pp
Eater of Virtue,,R,4204,1.30,3292,1.29,18998,55.4%,3292,57.2%,5070,56.3%,8362,56.7%,10644,54.4%,2.3pp
Tamiyo's Compleation,U,C,114204,4.67,22817,6.33,105227,55.2%,17399,53.0%,33096,58.6%,50495,56.7%,55270,53.9%,2.7pp
Sokenzan Smelter,R,U,44474,4.55,9575,5.74,41571,55.9%,7373,58.0%,9848,55.6%,17221,56.7%,24475,55.4%,1.2pp
Brilliant Restoration,W,R,11463,3.35,2565,3.99,8494,54.3%,1239,52.5%,2401,58.6%,3640,56.6%,4862,52.7%,3.8pp
Golden-Tail Disciple,W,C,130831,5.42,18920,7.80,78606,55.9%,13811,55.6%,21297,57.1%,35108,56.5%,43885,55.4%,1.1pp
Thousand-Faced Shadow,U,R,6212,1.95,3089,1.97,14478,55.1%,2538,55.8%,4412,56.9%,6950,56.5%,7668,54.0%,2.5pp
Blossoming Sands,WG,B,53563,6.60,10055,8.90,39694,56.2%,7354,59.2%,10156,54.5%,17510,56.5%,22220,56.0%,0.5pp
Rabbit Battery,R,U,36547,3.60,9155,4.45,46424,55.4%,8211,59.0%,10958,54.4%,19169,56.4%,27409,54.8%,1.6pp
"Otawara, Soaring City",U,R,8463,2.46,3053,2.70,13961,55.1%,2451,54.4%,4112,57.6%,6563,56.4%,7434,54.0%,2.4pp
Tranquil Cove,WU,B,53924,6.82,9490,9.32,30164,55.1%,5462,56.4%,8313,56.3%,13775,56.3%,16428,54.2%,2.2pp
Ogre-Head Helm,R,R,6508,1.93,3177,1.94,15865,55.0%,2828,56.9%,3875,55.8%,6703,56.3%,9194,54.0%,2.2pp
Voltage Surge,R,C,109184,4.54,23020,5.87,108630,55.6%,19232,55.7%,26495,56.6%,45727,56.3%,63483,55.1%,1.2pp
"Takenuma, Abandoned Mire",B,R,9398,2.62,3175,2.97,15409,56.6%,2667,55.2%,4137,56.9%,6804,56.2%,8633,56.9%,-0.6pp
Mukotai Soulripper,B,R,6960,2.16,2659,2.24,12182,55.2%,2052,58.6%,3142,54.6%,5194,56.2%,7009,54.6%,1.6pp
Go-Shintai of Boundless Vigor,G,U,29840,3.03,8643,3.71,43633,54.7%,7932,55.6%,12301,56.5%,20233,56.2%,23580,53.5%,2.7pp
Intercessor's Arrest,W,C,85427,3.34,19637,4.37,100661,55.0%,17131,53.1%,29475,57.8%,46606,56.1%,54507,54.2%,1.9pp
Jukai Trainee,G,C,142945,6.55,22988,9.07,79624,55.5%,14519,56.8%,19998,55.6%,34517,56.1%,45599,55.1%,0.9pp
Repel the Vile,W,C,130504,5.53,15156,8.32,49072,54.6%,7940,53.5%,13177,57.6%,21117,56.0%,28035,53.5%,2.5pp
Jungle Hollow,BG,B,54289,6.78,11389,9.01,40762,55.9%,7477,56.7%,10496,55.4%,17973,56.0%,22833,55.8%,0.1pp
Boon of Boseiju,G,U,59306,6.56,7627,9.68,12322,53.9%,1879,52.8%,3081,57.9%,4960,55.9%,7374,52.5%,3.4pp
Bearer of Memory,G,C,143900,6.51,21432,9.33,73446,55.8%,12691,53.9%,19471,57.2%,32162,55.9%,41641,55.7%,0.2pp
Born to Drive,W,U,45706,4.68,5586,6.80,15910,52.9%,2619,53.7%,4304,57.2%,6923,55.9%,9018,50.7%,5.1pp
Favor of Jukai,G,C,154792,7.92,19091,11.42,18621,54.6%,2866,54.5%,5000,56.6%,7866,55.8%,10806,53.7%,2.1pp
Shrine Steward,,C,156063,7.74,22080,10.81,29884,54.8%,4591,53.3%,8417,57.2%,13008,55.8%,16958,54.1%,1.7pp
Sky-Blessed Samurai,W,U,36592,3.64,7792,4.68,37273,54.8%,5981,52.6%,10599,57.6%,16580,55.8%,20852,54.0%,1.8pp
Return to Action,B,C,153783,7.73,19785,11.15,25383,55.2%,3980,53.2%,6682,57.3%,10662,55.8%,14770,54.9%,0.9pp
Greater Tanuki,G,C,110771,4.48,25393,5.94,128855,55.3%,22418,52.6%,36777,57.6%,59195,55.7%,70697,55.0%,0.8pp
"Naomi, Pillar of Order",WB,U,40811,4.23,7906,5.55,27619,54.0%,4323,53.8%,7700,56.6%,12023,55.6%,15706,52.9%,2.7pp
Wanderer's Intervention,W,C,115955,4.67,14597,6.86,61643,54.4%,10544,53.3%,16668,57.1%,27212,55.6%,34615,53.4%,2.3pp
Nezumi Bladeblesser,B,C,136912,5.87,18416,8.62,64335,55.7%,10995,54.5%,16876,56.3%,27871,55.6%,36843,55.9%,-0.3pp
Skyswimmer Koi,U,C,129457,5.50,20535,7.72,75857,54.1%,12792,53.4%,22663,56.7%,35455,55.5%,40895,53.0%,2.5pp
Scoured Barrens,WB,B,53697,6.54,9560,8.98,32594,55.4%,5964,56.8%,8363,54.4%,14327,55.4%,18288,55.4%,0.0pp
Moonfolk Puzzlemaker,U,C,135798,5.89,19912,8.42,72891,54.4%,12721,53.2%,21763,56.7%,34484,55.4%,39050,53.5%,1.9pp
Towashi Guide-Bot,,U,38002,3.53,8359,4.69,39576,54.4%,6561,53.3%,10643,56.7%,17204,55.4%,22461,53.7%,1.7pp
Mothrider Patrol,W,C,134628,5.68,19132,8.03,70864,54.5%,12690,55.5%,18427,55.3%,31117,55.4%,40204,53.9%,1.5pp
Ninja's Kunai,,C,138854,5.63,24446,8.03,93785,55.1%,16016,54.0%,25052,56.2%,41068,55.3%,52914,55.0%,0.4pp
Sunblade Samurai,W,C,120374,4.76,20684,6.65,96515,54.8%,17034,52.7%,26859,56.9%,43893,55.3%,53198,54.3%,1.0pp
Containment Construct,,U,51064,4.87,10668,6.42,36599,54.7%,6578,53.9%,10606,56.0%,17184,55.2%,19593,54.4%,0.8pp
Mirrorshell Crab,U,C,135786,5.95,19674,8.60,62187,53.7%,10004,52.0%,19124,56.8%,29128,55.2%,33337,52.5%,2.7pp
You Are Already Dead,B,C,143593,6.71,17535,9.94,37205,55.2%,5863,54.4%,9836,55.6%,15699,55.1%,21589,55.2%,-0.0pp
Go-Shintai of Hidden Cruelty,B,U,36866,3.71,8280,4.80,30337,53.9%,5001,52.3%,8880,56.7%,13881,55.1%,16568,52.9%,2.2pp
Disruption Protocol,U,C,151353,7.70,17554,11.19,22262,53.6%,3555,51.6%,6672,56.9%,10227,55.1%,12095,52.2%,2.8pp
Essence Capture,U,U,55572,6.20,6998,9.09,13278,53.6%,2217,53.2%,3874,56.1%,6091,55.1%,7202,52.4%,2.7pp
Careful Cultivation,G,C,139890,6.26,23719,8.58,80157,55.3%,14028,54.8%,21257,55.2%,35285,55.1%,45280,55.5%,-0.5pp
Blade-Blizzard Kitsune,W,U,36530,3.61,6684,4.77,28814,54.1%,5062,54.2%,7475,55.6%,12537,55.0%,16364,53.4%,1.6pp
Ironhoof Boar,R,C,138052,6.12,20847,8.55,76918,54.8%,12549,52.7%,18644,56.6%,31193,55.0%,45950,54.6%,0.4pp
Dokuchi Silencer,B,U,35273,3.51,7832,4.49,36321,55.0%,6414,54.5%,9603,55.4%,16017,55.0%,20469,55.0%,-0.0pp
Iron Apprentice,,C,140372,5.78,18514,8.46,64720,54.5%,11815,56.1%,15694,54.1%,27509,55.0%,37548,54.2%,0.7pp
Go-Shintai of Lost Wisdom,U,U,50977,5.35,7812,7.69,18557,52.9%,3320,52.5%,5738,56.4%,9058,54.9%,9629,51.1%,3.8pp
Replication Specialist,U,U,31585,3.31,8934,3.91,39582,53.3%,6521,52.0%,11666,56.6%,18187,54.9%,21565,51.9%,3.1pp
"Greasefang, Okiba Boss",WB,R,8605,2.69,2207,2.94,6392,52.6%,1088,53.4%,1676,55.9%,2764,54.9%,3644,50.8%,4.1pp
Kami of Restless Shadows,B,C,151695,7.55,18726,10.87,23686,54.7%,3604,52.2%,6563,56.4%,10167,54.9%,13625,54.7%,0.1pp
Grafted Growth,G,C,147547,7.30,20836,10.30,42167,54.0%,7300,53.1%,11636,55.9%,18936,54.8%,23413,53.3%,1.5pp
Debt to the Kami,B,C,143492,6.87,13796,10.70,16490,54.1%,2673,53.3%,4376,55.7%,7049,54.8%,9459,53.6%,1.2pp
Thirst for Knowledge,U,U,46859,4.80,9189,6.31,34272,54.1%,5865,51.2%,10130,56.9%,15995,54.8%,18353,53.4%,1.4pp
Historian's Wisdom,G,U,56346,6.01,7288,8.84,14856,54.8%,2416,53.5%,4085,55.5%,6501,54.8%,8404,54.8%,-0.0pp
March of Swirling Mist,U,R,13847,3.96,2565,5.12,6607,53.7%,951,49.5%,1899,57.3%,2850,54.7%,3765,52.9%,1.8pp
Towashi Songshaper,R,C,143169,6.74,21921,9.09,83212,55.4%,14858,56.1%,19847,53.7%,34705,54.7%,49022,56.0%,-1.2pp
Uncharted Haven,,C,134283,5.27,29382,7.28,151681,55.4%,28054,55.8%,39743,53.9%,67797,54.7%,84325,56.0%,-1.3pp
Regent's Authority,W,C,154705,7.83,16135,11.50,14673,54.2%,2299,54.8%,3743,54.6%,6042,54.7%,8652,53.8%,0.9pp
"Norika Yamazaki, the Poet",W,U,33588,3.27,7142,4.20,34077,54.1%,6037,52.4%,8951,56.2%,14988,54.7%,19188,53.8%,0.9pp
"Hinata, Dawn-Crowned",WUR,R,10288,3.15,2139,3.69,4170,50.6%,715,54.4%,1232,54.8%,1947,54.6%,2249,47.0%,7.6pp
Hotshot Mechanic,W,U,48708,5.11,5836,7.50,17017,53.8%,3071,57.3%,4383,52.7%,7454,54.6%,9657,53.2%,1.4pp
Simian Sling,R,C,137512,6.14,21457,8.35,85634,54.9%,15192,55.3%,20136,53.9%,35328,54.5%,50753,55.2%,-0.7pp
Webspinner Cuff,G,U,49603,4.92,8783,6.74,34547,54.2%,5941,52.7%,9049,55.6%,14990,54.4%,19689,54.1%,0.4pp
Kaito's Pursuit,B,C,155461,8.27,17366,12.06,10119,54.7%,1698,52.2%,2714,55.7%,4412,54.4%,5724,54.8%,-0.5pp
Network Terminal,,C,149145,6.83,20283,9.82,44142,53.0%,7870,52.9%,11983,55.2%,19853,54.3%,24374,52.0%,2.2pp
Flame Discharge,R,U,32843,3.28,8276,4.04,40278,54.2%,6868,53.4%,9772,54.9%,16640,54.3%,23713,54.1%,0.2pp
Armguard Familiar,U,C,137101,5.94,20205,8.46,72343,53.8%,12885,52.4%,20973,55.4%,33858,54.2%,38866,53.3%,0.9pp
Brute Suit,,C,147527,6.64,16631,9.91,33791,54.4%,5798,54.0%,8536,54.3%,14334,54.2%,19537,54.5%,-0.3pp
Bronzeplate Boar,R,U,40787,3.98,8000,5.21,38775,54.4%,6761,53.6%,9334,54.6%,16095,54.2%,22791,54.6%,-0.4pp
"Nashi, Moon Sage's Scion",B,M,2205,1.35,1575,1.34,7676,54.2%,1323,53.5%,2064,54.6%,3387,54.2%,4310,54.2%,0.0pp
Ecologist's Terrarium,,C,135364,5.40,21081,7.80,69401,53.7%,12811,52.7%,18046,55.2%,30857,54.2%,38711,53.3%,0.8pp
Mnemonic Sphere,U,C,146815,6.81,20447,9.75,48626,53.6%,8602,51.7%,14211,55.6%,22813,54.2%,25986,53.1%,1.0pp
Scrap Welder,R,R,11210,3.29,2744,3.80,10469,54.5%,1757,53.8%,2518,54.3%,4275,54.1%,6223,54.8%,-0.7pp
"Sokenzan, Crucible of Defiance",R,R,10769,3.01,2687,3.59,11510,54.8%,2025,54.2%,2719,53.9%,4744,54.0%,6776,55.3%,-1.3pp
Saiba Trespassers,U,C,152880,7.64,19309,10.95,27312,53.1%,4256,50.2%,8124,56.0%,12380,54.0%,15026,52.3%,1.7pp
Covert Technician,U,U,44728,4.52,7210,6.23,27927,53.4%,4863,53.2%,7939,54.3%,12802,53.9%,15255,52.9%,1.0pp
Short Circuit,U,C,157377,8.65,17817,12.36,9462,53.2%,1553,52.1%,2828,54.8%,4381,53.9%,5107,52.6%,1.2pp
Papercraft Decoy,,C,148912,6.49,21865,9.33,63359,54.6%,11740,52.6%,16387,54.8%,28127,53.9%,35574,55.2%,-1.4pp
Bloodfell Caves,BR,B,54231,6.91,9549,9.56,29286,54.7%,5343,55.9%,7127,52.3%,12470,53.8%,16849,55.3%,-1.5pp
Unstoppable Ogre,R,C,150250,7.33,19391,10.33,53851,54.8%,9266,53.3%,12566,54.2%,21832,53.8%,32204,55.5%,-1.6pp
Befriending the Moths,W,C,128501,4.79,19260,6.76,75112,53.4%,12160,50.3%,20629,55.9%,32789,53.8%,42599,53.2%,0.6pp
Planar Incision,U,C,156083,8.33,17855,12.00,12407,52.2%,1980,50.8%,3622,55.4%,5602,53.8%,6826,50.9%,2.9pp
When We Were Young,W,U,60455,6.70,6201,10.30,5671,52.1%,845,49.3%,1488,56.2%,2333,53.7%,3338,51.0%,2.7pp
"Risona, Asari Commander",WR,R,9224,2.90,2045,3.29,6488,51.7%,1157,53.9%,1566,53.5%,2723,53.7%,3781,50.4%,3.3pp
Rugged Highlands,RG,B,56315,7.61,9695,10.38,21701,53.2%,4035,55.1%,5193,52.6%,9228,53.7%,12501,52.7%,0.9pp
Roaring Earth,G,U,31750,3.27,7889,3.94,37862,53.8%,6702,53.8%,9936,53.4%,16638,53.5%,21329,54.0%,-0.5pp
Moonsnare Prototype,U,C,154552,8.07,20390,11.30,20949,52.6%,3476,49.9%,6235,55.6%,9711,53.5%,11331,51.9%,1.7pp
Swiftwater Cliffs,UR,B,55772,7.47,9796,10.12,24250,53.3%,4523,55.7%,6600,52.0%,11123,53.5%,13168,53.2%,0.3pp
Invigorating Hot Spring,RG,U,48366,5.33,8212,7.06,22431,53.2%,3722,53.1%,5459,53.7%,9181,53.5%,13310,52.9%,0.5pp
Acquisition Octopus,U,U,35401,3.52,7613,4.46,34642,52.8%,5951,52.6%,10088,53.9%,16039,53.4%,18738,52.3%,1.2pp
Walking Skyscraper,,U,46724,4.59,6850,6.49,21791,52.5%,3308,49.1%,5761,55.9%,9069,53.4%,12768,51.9%,1.5pp
Unforgiving One,B,U,49042,5.06,6553,7.45,17374,53.9%,2978,51.6%,4367,54.5%,7345,53.3%,10104,54.4%,-1.0pp
Eiganjo Exemplar,W,C,125123,5.20,17479,7.41,69680,53.3%,12801,54.1%,17462,52.7%,30263,53.3%,39838,53.3%,-0.0pp
Reckoner's Bargain,B,C,152910,7.75,18437,11.28,22450,54.3%,3590,50.2%,5784,55.2%,9374,53.3%,13114,54.9%,-1.7pp
Kami of Industry,R,C,155685,8.28,18984,11.66,22593,53.4%,3569,51.0%,5629,54.7%,9198,53.3%,13484,53.5%,-0.3pp
Chainflail Centipede,B,C,141415,6.16,18936,9.00,58040,54.2%,9907,52.7%,14701,53.6%,24608,53.2%,33625,55.0%,-1.8pp
Imperial Recovery Unit,W,U,40285,4.11,5568,5.74,19387,53.6%,3190,52.7%,4975,53.5%,8165,53.2%,11248,53.9%,-0.7pp
Wind-Scarred Crag,WR,B,54789,6.96,8218,9.85,22041,53.3%,4070,54.5%,5437,52.1%,9507,53.2%,12555,53.5%,-0.3pp
Upriser Renegade,R,U,51821,5.57,6719,7.90,19958,53.8%,3589,54.4%,4475,51.9%,8064,53.0%,11961,54.3%,-1.2pp
Explosive Singularity,R,M,3834,2.41,1541,2.49,6014,52.7%,913,51.0%,1463,54.3%,2376,53.0%,3643,52.5%,0.5pp
The Dragon-Kami Reborn,G,R,11960,3.71,2012,4.85,3861,52.3%,685,50.1%,1011,54.9%,1696,52.9%,2178,52.0%,1.0pp
Explosive Entry,R,C,152149,7.77,16436,11.32,19171,52.7%,3135,53.0%,4526,52.9%,7661,52.9%,11525,52.5%,0.4pp
Reinforced Ronin,R,U,42482,4.30,7320,5.73,31864,53.7%,5609,52.2%,8795,53.3%,14404,52.9%,18826,54.5%,-1.6pp
Storyweave,G,U,56369,6.18,6639,9.31,10621,53.1%,1752,50.6%,2660,54.3%,4412,52.8%,6215,53.2%,-0.4pp
Mobilizer Mech,U,U,45248,4.82,5373,7.00,12998,50.5%,2261,51.0%,3566,53.9%,5827,52.8%,7216,48.6%,4.1pp
Undercity Scrounger,B,C,142236,6.35,22636,8.91,69413,53.8%,12032,51.9%,18120,53.3%,30152,52.8%,39628,54.6%,-1.8pp
Scrapyard Steelbreaker,R,C,148903,7.30,21279,10.08,56299,53.5%,9233,51.8%,13864,53.4%,23097,52.7%,33439,54.0%,-1.2pp
Futurist Operative,U,U,54237,5.85,6479,8.67,11934,52.2%,1953,49.8%,3453,54.3%,5406,52.7%,6615,51.7%,1.0pp
Lucky Offering,W,C,154974,8.23,14030,12.37,4419,51.0%,735,50.6%,1152,54.0%,1887,52.7%,2539,49.8%,2.9pp
Seven-Tail Mentor,W,C,138344,6.04,13905,9.20,34750,52.1%,5725,51.8%,8781,53.1%,14506,52.6%,20357,51.7%,0.9pp
Orochi Merge-Keeper,G,U,43880,4.36,8331,5.76,34572,53.5%,6256,53.5%,8532,51.9%,14788,52.6%,19877,54.2%,-1.6pp
Coiling Stalker,G,C,137263,6.14,18536,8.92,55034,53.6%,9956,53.2%,13505,52.0%,23461,52.5%,31794,54.4%,-1.9pp
Tempered in Solitude,R,U,51286,5.52,7786,7.60,21258,53.3%,3637,52.7%,5004,52.4%,8641,52.5%,12649,53.9%,-1.4pp
Runaway Trash-Bot,,U,48686,4.55,8362,6.41,34832,52.9%,5985,49.3%,9397,54.5%,15382,52.5%,19599,53.3%,-0.8pp
Akki Ember-Keeper,R,C,148616,7.31,18323,10.34,42023,53.9%,7706,53.5%,9700,51.6%,17406,52.4%,24932,54.9%,-2.5pp
Okiba Salvage,B,U,55771,6.03,6826,9.08,10790,52.8%,1648,46.6%,2951,55.7%,4599,52.4%,6202,53.1%,-0.7pp
"Satsuki, the Living Lore",WG,R,10535,3.19,2413,3.75,7549,53.0%,1320,49.6%,1954,54.3%,3274,52.4%,4288,53.4%,-1.0pp
The Shattered States Era,R,C,167158,7.90,16524,11.71,12652,52.7%,1862,50.1%,2978,53.7%,4840,52.3%,7824,52.9%,-0.6pp
Spirit-Sister's Call,WB,M,4278,2.70,1315,2.89,3891,51.7%,615,48.0%,1094,54.6%,1709,52.2%,2184,51.3%,0.9pp
Asari Captain,WR,U,48913,5.35,5965,7.71,16545,51.7%,2695,50.8%,4092,53.1%,6787,52.2%,9812,51.5%,0.7pp
Light the Way,W,C,155797,8.05,15043,12.01,9725,52.5%,1508,49.7%,2519,53.6%,4027,52.1%,5708,52.8%,-0.6pp
"Heiko Yamazaki, the General",R,U,38408,3.89,7143,5.04,30886,52.8%,5056,50.1%,7590,53.4%,12646,52.1%,18330,53.3%,-1.2pp
Guardians of Oboro,U,C,156254,8.29,18197,11.88,16027,51.5%,2845,49.6%,4587,53.6%,7432,52.0%,8656,51.1%,0.9pp
Kitsune Ace,W,C,145483,7.01,14395,10.51,23326,51.7%,4241,51.8%,5780,52.1%,10021,51.9%,13438,51.6%,0.3pp
Dragonfly Suit,W,C,143033,6.65,13749,10.12,25217,51.9%,4176,50.7%,6650,52.7%,10826,51.9%,14503,51.9%,0.0pp
Peerless Samurai,R,C,145789,7.07,15792,10.33,35380,52.4%,6224,52.3%,8417,51.5%,14641,51.9%,20922,52.7%,-0.8pp
Go-Shintai of Ancient Wars,R,U,39613,4.01,7742,5.22,28216,52.3%,4843,50.6%,7232,52.4%,12075,51.7%,16237,52.8%,-1.1pp
Crackling Emergence,R,C,155225,8.64,15258,12.57,7234,52.7%,1338,50.7%,1638,52.3%,2976,51.5%,4283,53.5%,-2.0pp
Imperial Subduer,W,C,138023,6.17,14885,9.14,41456,52.0%,7307,50.3%,10347,52.4%,17654,51.5%,24063,52.3%,-0.8pp
"Light-Paws, Emperor's Voice",W,R,11299,3.34,1703,4.42,2403,52.3%,415,51.3%,596,51.5%,1011,51.4%,1398,53.0%,-1.6pp
Gift of Wrath,R,C,155399,8.44,15607,12.29,9059,52.0%,1399,50.8%,2149,51.7%,3548,51.3%,5525,52.5%,-1.2pp
Akki Ronin,R,C,153468,8.01,16933,11.49,25359,52.1%,4582,53.0%,5875,49.9%,10457,51.3%,15013,52.7%,-1.4pp
Malicious Malfunction,B,U,51753,5.51,6065,8.23,9270,51.4%,1613,49.2%,2509,52.4%,4122,51.1%,5159,51.7%,-0.5pp
Heir of the Ancient Fang,G,C,150810,7.45,17863,10.89,28215,52.6%,4861,50.2%,6776,51.4%,11637,50.9%,16705,53.8%,-2.9pp
Automated Artificer,,C,153274,7.57,17168,10.99,25401,51.5%,4644,49.5%,6766,51.7%,11410,50.9%,14122,52.0%,-1.1pp
March of Reckless Joy,R,R,15168,4.37,2551,5.92,5467,53.2%,896,46.7%,1329,53.3%,2225,50.7%,3245,54.9%,-4.2pp
Spell Pierce,U,C,156321,8.72,15464,12.82,4525,50.7%,779,49.2%,1244,51.5%,2023,50.6%,2508,50.8%,-0.1pp
Ancestral Katana,W,C,145964,6.96,15316,10.23,27225,51.4%,4678,50.9%,6590,50.4%,11268,50.6%,16019,52.0%,-1.4pp
Ambitious Assault,R,C,158307,8.76,17502,12.40,11843,52.5%,1788,50.3%,2692,50.0%,4480,50.1%,7378,53.9%,-3.8pp
Mechtitan Core,,R,7202,2.19,2286,2.20,9131,50.5%,1522,46.8%,2500,52.0%,4022,50.0%,5118,50.9%,-0.9pp
Thundersteel Colossus,,C,148493,7.05,14317,10.76,17114,50.1%,2537,47.3%,4594,51.2%,7131,49.8%,10015,50.3%,-0.5pp
Dragonspark Reactor,R,U,45066,4.71,9125,5.92,36776,52.4%,6518,48.5%,9030,50.7%,15548,49.8%,21324,54.3%,-4.5pp
Discover the Impossible,U,U,64437,7.93,6938,11.74,1348,50.3%,227,46.7%,383,51.4%,610,49.7%,740,50.8%,-1.1pp
Reito Sentinel,,U,63270,7.17,6523,10.93,4054,49.9%,708,45.8%,1140,51.8%,1848,49.5%,2217,50.1%,-0.6pp
Kindled Fury,R,C,158846,9.13,17692,12.85,7037,52.0%,1109,50.4%,1556,48.8%,2665,49.5%,4377,53.6%,-4.1pp
Awakened Awareness,U,U,60736,6.93,6673,10.40,4800,48.8%,766,46.2%,1365,51.2%,2131,49.4%,2681,48.2%,1.2pp
Secluded Courtyard,,U,63217,7.33,6854,11.02,5977,50.0%,1031,49.5%,1470,49.3%,2501,49.3%,3481,50.5%,-1.2pp
Dramatist's Puppet,,C,159636,8.70,16981,12.50,3399,49.5%,529,49.7%,873,49.0%,1402,49.3%,2006,49.7%,-0.4pp
Reality Heist,U,U,60976,7.17,7890,10.32,8801,50.4%,1385,46.4%,2426,50.7%,3811,49.1%,5007,51.3%,-2.1pp
Futurist Sentinel,U,C,151791,7.82,14738,11.75,11031,49.2%,1839,45.6%,3142,51.1%,4981,49.0%,6078,49.3%,-0.2pp
Eiganjo Uprising,WR,R,14842,4.40,2307,6.10,4185,49.7%,671,44.4%,993,52.0%,1664,48.9%,2527,50.3%,-1.4pp
Mech Hangar,,U,61796,7.18,6242,10.92,6549,49.7%,1090,47.4%,1694,49.4%,2784,48.6%,3776,50.6%,-1.9pp
Enormous Energy Blade,B,U,61875,7.29,6605,11.05,3412,51.4%,518,46.9%,896,47.9%,1414,47.5%,1999,54.2%,-6.7pp
"Isshin, Two Heavens as One",WBR,R,11753,3.56,1942,4.60,2866,45.9%,442,47.7%,674,46.3%,1116,46.9%,1752,45.4%,1.5pp
Anchor to Reality,U,U,62165,7.62,7032,11.25,2834,47.6%,465,44.1%,784,48.2%,1249,46.7%,1586,48.2%,-1.6pp
Bronze Cudgels,,U,64713,7.74,6718,11.59,2293,48.9%,384,43.2%,548,48.4%,932,46.2%,1363,50.7%,-4.5pp
Reckoner Shakedown,B,C,157646,8.72,15913,12.76,2457,47.8%,379,45.9%,614,45.8%,993,45.8%,1471,49.1%,-3.3pp
Invoke Calamity,R,R,17064,4.86,2300,7.20,665,,104,,174,,278,45.3%,387,49.6%,-4.3pp
Akki War Paint,R,C,157893,9.10,15429,13.17,3349,49.4%,506,44.9%,795,45.4%,1301,45.2%,2049,52.1%,-6.9pp
Hidetsugu Consumes All,BR,M,4416,2.78,926,3.19,1415,49.1%,230,44.8%,318,45.3%,548,45.1%,871,51.4%,-6.4pp
Mirror Box,,R,16645,4.77,1964,7.59,359,,56,,96,,152,,207,46.4%,
March of Burgeoning Life,G,R,18706,5.36,2317,8.21,226,,38,,56,,94,,132,,
